{"stat.useItem.minecraft.command_block":1,"stat.walkOneCm":187156,"stat.useItem.minecraft.torch":9,"stat.useItem.minecraft.chest":35,"stat.leaveGame":3,"stat.useItem.minecraft.log":74,"stat.useItem.minecraft.oak_stairs":216,"stat.useItem.minecraft.bookshelf":13,"stat.useItem.minecraft.heavy_weighted_pressure_plate":3,"stat.useItem.minecraft.glowstone":1,"stat.jump":156,"stat.swimOneCm":401,"stat.useItem.minecraft.planks":387,"stat.crouchOneCm":3655,"stat.useItem.minecraft.trapdoor":6,"stat.useItem.minecraft.stone_button":1,"stat.sprintOneCm":16905,"achievement.exploreAllBiomes":{"value":0,"progress":["Forest","Plains","Swampland"]},"stat.useItem.minecraft.fence":46,"stat.useItem.minecraft.glass_pane":16,"stat.useItem.minecraft.glass":14,"stat.useItem.minecraft.bed":4,"achievement.openInventory":42,"stat.useItem.minecraft.iron_block":2,"stat.useItem.minecraft.stone_pressure_plate":2,"stat.useItem.minecraft.furnace":4,"stat.useItem.minecraft.wooden_pressure_plate":8,"stat.useItem.minecraft.stonebrick":11,"stat.useItem.minecraft.wooden_door":2,"stat.flyOneCm":200028,"stat.useItem.minecraft.spruce_door":2,"stat.useItem.minecraft.writable_book":1,"stat.playOneMinute":49183,"stat.damageDealt":15,"stat.timeSinceDeath":49183,"stat.useItem.minecraft.sign":11,"stat.useItem.minecraft.crafting_table":4,"stat.useItem.minecraft.wooden_slab":201,"stat.useItem.minecraft.iron_door":1}